TV,Radio,Social Media,Influencer,Sales
16,6.566230788,2.907982773,3,54.73275715
13,9.237764567,2.409567204,3,46.67789698
41,15.88644602,2.913410175,3,150.1778288
83,30.02002826,6.922303959,3,298.2463398
15,8.437407682,1.40599815,2,56.5941808
29,9.614382036,1.02716349,3,105.8891476
55,24.89381148,4.273602146,2,198.6798248
31,17.35504181,2.289854925,0,108.7339319
76,24.64889821,7.130115956,1,270.1894
